# EVOLUÇÃO DO VALOR MÉDIO/MEDIANO DO CIMENTO PORTLAND 32 - em R$/Kg																							
# Fonte: Sinduscons Estaduais e Banco de Dados-CBIC.																							
ANO	MÊS	AL	AM	BA	CE	DF	ES	GO	MA	MG	MS	MT	PA	PB	PE	PR	RJ	RO	RS	SC	SE	SP	Brasil
1994	JUN	...	0.1367	0.1280	0.1320	0.1041	0.1020	0.1125	0.1400	0.1100	0.1099	0.0889	0.1183	0.1300	0.1307	0.1100	0.1120	0.1408	0.1145	0.1200	...	0.0940	0.1176
1994	JUL	...	0.1400	0.1300	0.1300	0.1200	0.1000	0.1100	0.1400	0.1100	0.1100	0.1200	0.1300	0.1300	0.1300	0.1100	0.1100	0.1700	0.1100	0.1200	...	0.1000	0.1221
1994	AGO	...	0.1300	0.1200	0.1300	0.1200	0.1000	0.1100	0.1300	0.1100	0.1100	0.1100	0.1200	0.1300	0.1300	0.1100	0.1100	0.1700	0.1100	0.1200	...	0.1000	0.1195
1994	SET	...	0.1300	0.1300	0.1300	0.1100	0.1000	0.1100	0.1300	0.1100	0.1100	0.1100	0.1200	0.1300	0.1300	0.1100	0.1100	0.1700	0.1100	0.1100	...	0.1000	0.1189
1994	OUT	...	0.1300	0.1100	0.1300	0.1100	0.1000	0.1200	0.1300	0.1100	0.1100	0.1000	0.1300	0.1300	0.1200	0.1000	0.1100	0.1700	0.1100	0.1200	...	0.1000	0.1179
1994	NOV	...	0.1300	0.1100	0.1300	0.1100	0.1000	0.1200	0.1400	0.1100	0.1100	0.1000	0.1300	0.1300	0.1300	0.1000	0.1100	0.1600	0.1100	0.1200	...	0.1000	0.1184
1994	DEZ	...	0.1400	0.1100	0.1300	0.1100	0.1000	0.1100	0.1400	0.1100	0.1100	0.1000	0.1400	0.1300	0.1300	0.1000	0.1100	0.1500	0.1100	0.1200	...	0.1000	0.1184
1995	JAN	...	0.1400	0.1100	0.1300	0.1100	0.1000	0.1100	0.1400	0.1100	0.1100	0.1000	0.1300	0.1300	0.1300	0.1100	0.1100	0.1500	0.1100	0.1100	...	0.1000	0.1179
1995	FEV	...	0.1400	0.1100	0.1300	0.1100	0.1000	0.1100	0.1400	0.1100	0.1100	0.1100	0.1300	0.1300	0.1300	0.1000	0.1100	0.1600	0.1100	0.1100	...	0.1000	0.1184
1995	MAR	...	0.1400	0.1200	0.1300	0.1100	0.1000	0.1200	0.1300	0.1100	0.1300	0.1000	0.1300	0.1300	0.1300	0.1000	0.1100	0.1500	0.1100	0.1100	...	0.1100	0.1195
1995	ABR	...	0.1400	0.1200	0.1300	0.1100	0.1000	0.1200	0.1200	0.1100	0.1200	0.1100	0.1300	0.1300	0.1300	0.1000	0.1100	0.1600	0.1100	0.1200	...	0.1200	0.1205
1995	MAI	...	0.1400	0.1200	0.1300	0.1100	0.1000	0.1200	0.1200	0.1100	0.1200	0.1100	0.1400	0.1300	0.1300	0.1000	0.1100	0.1500	0.1100	0.1200	...	0.1200	0.1205
1995	JUN	...	0.1400	0.1200	0.1300	0.1100	0.1000	0.1200	0.1100	0.1000	0.1300	0.1100	0.1400	0.1400	0.1300	0.1100	0.1100	0.1500	0.1100	0.1200	...	0.1200	0.1211
1995	JUL	...	0.1400	0.1200	0.1300	0.1100	0.1000	0.1200	0.1200	0.1000	0.1200	0.1100	0.1400	0.1400	0.1300	0.1100	0.1100	0.1500	0.1100	0.1200	...	0.1200	0.1211
1995	AGO	...	0.1400	0.1200	0.1300	0.1100	0.1000	0.1200	0.1000	0.1000	0.1300	0.1100	0.1400	0.1400	0.1300	0.1100	0.1100	0.1500	0.1100	0.1200	...	0.1200	0.1205
1995	SET	...	0.1400	0.1200	0.1300	0.1100	0.1000	0.1200	0.1200	0.1000	0.1300	0.1200	0.1400	0.1400	0.1300	0.1100	0.1100	0.1500	0.1100	0.1200	...	0.1100	0.1216
1995	OUT	...	0.1400	0.1100	0.1300	0.1100	0.1000	0.1200	0.1200	0.1100	0.1300	0.1200	0.1400	0.1400	0.1300	0.1100	0.1100	0.1500	0.1100	0.1200	...	0.1100	0.1216
1995	NOV	...	0.1400	0.1100	0.1300	0.1100	0.1000	0.1200	0.1200	0.1000	0.1300	0.1200	0.1400	0.1300	0.1300	0.1100	0.1100	0.1500	0.1100	0.1200	...	0.1000	0.1200
1995	DEZ	...	0.1400	0.1300	0.1300	0.1100	0.1000	0.1100	0.1300	0.0900	0.1200	0.1200	0.1400	0.1400	0.1400	0.1000	0.1100	0.1500	0.1100	0.1200	...	0.1000	0.1205
1996	JAN	...	0.1400	0.1300	0.1400	0.1100	0.1000	0.0900	0.1300	0.0900	0.1300	0.1200	0.1400	0.1400	0.1400	0.1000	0.1100	0.1600	0.1100	0.1200	...	0.1000	0.1211
1996	FEV	...	0.1500	0.1300	0.1400	0.0900	0.1000	0.0900	0.1200	0.0800	0.1100	0.1100	0.1400	0.1300	0.1400	0.1000	0.1100	0.1600	0.1100	0.1200	...	0.1000	0.1174
1996	MAR	...	0.1500	0.1300	0.1400	0.0900	0.1000	0.0800	...	0.0800	0.1100	0.1000	0.1400	0.1400	0.1400	0.1000	0.1100	0.1700	0.1100	0.1100	...	0.1000	0.1167
1996	ABR	...	0.1500	0.1300	0.1400	0.0800	0.0900	0.0800	...	0.0700	0.1000	0.0900	0.1400	0.1400	0.1400	0.0900	0.1000	0.1700	0.1100	0.1100	...	0.0900	0.1122
1996	MAI	...	0.1500	0.1300	0.1400	0.0800	0.0900	0.0800	...	0.0800	0.1000	0.0900	0.1400	0.1400	0.1400	0.0900	0.1000	0.1700	0.1100	0.1200	...	0.0900	0.1133
1996	JUN	...	0.1500	0.1300	0.1400	0.0800	0.1000	0.0800	...	0.0800	0.1000	0.0900	0.1400	0.1400	0.1400	0.1000	0.1000	0.1600	0.1200	0.1200	...	0.0900	0.1144
1996	JUL	...	0.1500	0.1300	0.1400	0.0900	0.1000	0.0900	0.1400	0.0900	0.1100	0.1000	0.1400	0.1300	0.1300	0.1000	0.1000	0.1600	0.1200	0.1200	...	0.0900	0.1174
1996	AGO	...	0.1500	0.1300	0.1400	0.0900	0.0900	0.0900	0.1400	0.0900	0.1100	0.1000	0.1400	0.1300	0.1400	0.1100	0.1000	0.1600	0.1200	0.1200	...	0.0900	0.1179
1996	SET	...	0.1300	0.1300	0.1400	0.0900	0.0900	0.0900	0.1400	0.0800	0.1100	0.1000	0.1400	0.1300	0.1400	0.1100	0.1000	0.1600	0.1200	0.1200	...	0.0900	0.1163
1996	OUT	...	0.1300	0.1300	0.1400	0.1000	0.0900	0.1000	0.1400	0.0800	0.1200	0.1100	0.1400	0.1400	0.1400	0.1100	0.1000	0.1600	0.1200	0.1200	...	0.0900	0.1189
1996	NOV	...	0.1300	0.1300	0.1200	0.1000	0.0800	0.1000	0.1400	0.0800	0.1200	0.1100	0.1400	0.1400	0.1400	0.1100	0.1000	0.1700	0.1200	0.1200	...	0.0900	0.1179
1996	DEZ	...	0.1300	0.1300	0.1400	0.1100	0.0900	0.1100	0.1400	0.0900	0.1200	0.1100	0.1400	0.1300	0.1400	0.1100	0.1000	0.1700	0.1200	0.1200	...	0.1000	0.1211
1997	JAN	...	0.1300	0.1300	0.1400	0.1100	0.1000	0.1100	0.1400	0.1000	0.1200	0.1100	0.1400	0.1300	0.1300	0.1100	0.1000	0.1700	0.1200	0.1300	...	0.1000	0.1221
1997	FEV	...	0.1300	0.1200	0.1400	0.1100	0.1100	0.1100	0.1400	0.1100	0.1300	0.1200	0.1400	0.1300	0.1300	0.1100	0.1000	0.1700	0.1200	0.1300	...	0.1100	0.1242
1997	MAR	...	...	0.1300	0.1400	0.1100	0.1100	0.1200	0.1300	0.1100	0.1300	0.1100	0.1400	0.1300	0.1400	0.1100	0.1100	0.1700	0.1200	0.1300	...	0.1100	0.1250
1997	ABR	...	0.1300	0.1200	0.1400	0.1100	0.1100	0.1200	0.1300	0.1100	0.1300	0.1200	0.1400	0.1300	0.1400	0.1100	0.1100	0.1700	0.1200	0.1300	...	0.1100	0.1253
1997	MAI	0.1300	0.1400	0.1100	0.1400	0.1200	0.1100	0.1200	0.1400	0.1100	0.1300	0.1200	0.1400	0.1300	0.1400	0.1100	0.1100	0.1700	0.1200	0.1400	...	0.1100	0.1270
1997	JUN	0.1300	0.1400	0.1100	0.1400	0.1200	0.1000	0.1200	0.1400	0.1100	0.1300	0.1200	0.1400	0.1200	0.1400	0.1200	0.1100	0.1700	0.1300	0.1400	...	0.1100	0.1270
1997	JUL	0.1000	0.1400	0.1100	0.1400	0.1200	0.1100	0.1200	0.1400	0.1100	0.1300	0.1200	0.1400	0.1200	0.1400	0.1200	0.1100	0.1700	0.1300	0.1400	...	0.1100	0.1260
1997	AGO	0.0900	0.1300	0.1000	0.1300	0.1200	0.1100	0.1200	...	0.1100	0.1300	0.1200	0.1400	0.1100	0.1400	0.1200	0.1100	0.1700	0.1300	0.1400	...	0.1100	0.1226
1997	SET	0.0900	0.1300	0.1000	0.1300	0.1300	0.1100	0.1300	...	0.1200	0.1300	0.1300	0.1400	0.1000	0.1300	0.1200	0.1100	0.1700	0.1300	0.1400	...	0.1200	0.1242
1997	OUT	0.0900	...	0.0900	0.1000	0.1300	0.1200	0.1300	...	0.1200	0.1400	0.1300	0.1400	0.1000	0.0900	0.1200	0.1100	0.1700	0.1300	0.1400	...	0.1200	0.1206
1997	NOV	0.1000	0.1400	0.0900	0.0900	0.1200	0.1200	0.1300	...	0.1200	0.1400	0.1300	0.1500	0.1000	0.0900	0.1200	0.1200	0.1800	0.1300	0.1400	...	0.1200	0.1226
1997	DEZ	0.0900	0.1400	0.0900	0.0900	0.1200	0.1200	0.1300	...	0.1300	0.1300	0.1300	0.1500	0.0900	0.0900	0.1200	0.1200	0.1800	0.1300	0.1500	...	0.1200	0.1221
1998	JAN	0.0900	0.1400	0.1000	0.0900	0.1200	0.1200	0.1300	0.1400	0.1200	0.1400	0.1400	0.1500	0.0900	0.0900	0.1200	0.1200	0.1800	0.1400	0.1500	...	0.1200	0.1245
1998	FEV	0.0900	0.1500	0.1100	0.1000	0.1300	0.1200	0.1300	...	0.1200	0.1400	0.1400	0.1500	0.0900	0.0900	0.1200	0.1200	0.1800	0.1400	0.1500	...	0.1200	0.1258
1998	MAR	0.1100	0.1500	0.1100	0.1000	0.1300	0.1200	0.1300	...	0.1300	0.1400	0.1400	0.1500	0.1000	0.1000	0.1300	0.1300	0.1800	0.1400	0.1500	...	0.1300	0.1300
1998	ABR	0.1100	0.1500	0.1100	0.1100	0.1300	0.1200	0.1300	...	0.1300	0.1500	0.1400	0.1500	0.1200	0.1000	0.1300	0.1300	0.1800	0.1400	0.1500	...	0.1300	0.1321
1998	MAI	0.1100	0.1500	0.1100	0.1100	0.1300	0.1300	0.1200	0.1400	0.1300	0.1500	0.1400	0.1500	0.1200	0.1100	0.1300	0.1300	0.1700	0.1400	0.1500	...	0.1300	0.1325
1998	JUN	0.1100	0.1500	0.1100	0.1100	0.1300	0.1300	0.1200	0.1400	0.1300	0.1500	0.1400	0.1500	0.1100	0.1100	0.1300	0.1400	0.1700	0.1400	0.1500	...	0.1300	0.1325
1998	JUL	0.1100	0.1400	0.1100	0.1100	0.1300	0.1300	0.1200	0.1400	0.1200	0.1500	0.1500	0.1500	0.1200	0.1100	0.1300	0.1400	0.1800	0.1400	0.1500	...	0.1300	0.1330
1998	AGO	0.1100	0.1400	0.1100	0.1100	0.1300	0.1200	0.1200	0.1400	0.1200	0.1500	0.1500	...	0.1200	0.1100	0.1300	0.1400	0.1800	0.1500	0.1500	...	0.1300	0.1321
1998	SET	0.1100	0.1500	0.1100	0.1200	0.1300	0.1300	0.1200	0.1400	0.1300	0.1600	0.1500	...	0.1200	0.1100	0.1300	0.1400	0.1800	0.1500	0.1500	...	0.1300	0.1347
1998	OUT	0.1100	0.1500	0.1100	0.1200	0.1298	0.1300	0.1300	0.1426	0.1240	0.1500	0.1500	0.1200	0.1200	0.1100	0.1318	0.1300	0.1900	0.1500	0.1600	...	0.1312	0.1345
1998	NOV	0.1100	0.1500	0.1100	0.1200	0.1298	0.1300	0.1300	0.1400	0.1200	0.1500	0.1500	0.1200	0.1300	0.1100	0.1330	0.1400	0.1900	0.1500	0.1600	...	0.1310	0.1352
1998	DEZ	0.1100	0.1500	0.1100	0.1200	0.1298	0.1300	0.1200	0.1400	0.1060	0.1500	0.1500	0.1200	0.1200	0.1200	0.1364	0.1400	0.1900	0.1500	0.1600	0.1000	0.1310	0.1325
1999	JAN	0.1100	0.1500	0.1100	0.1200	0.1400	0.1200	0.1300	...	0.1000	0.1500	0.1500	0.1200	0.1200	0.1200	0.1364	0.1400	0.1900	0.1500	0.1600	0.1100	0.1310	0.1329
1999	FEV	0.1300	0.1500	0.1100	0.1200	0.1368	0.1200	0.1500	0.1400	0.1010	0.1600	0.1500	0.1200	0.1200	0.1200	0.1364	0.1400	0.1900	0.1500	0.1600	0.1100	0.1328	0.1356
1999	MAR	0.1300	0.1500	0.1100	0.1200	0.1400	0.1200	0.1400	0.1400	0.1000	0.1600	0.1500	0.1200	0.1200	0.1200	0.1400	0.1400	0.1900	0.1500	0.1600	0.1000	0.1300	0.1348
1999	ABR	0.1200	0.1500	0.1100	0.1200	0.1400	0.1200	0.1400	0.1400	0.1000	0.1600	0.1500	0.1200	0.1200	0.1160	0.1400	0.1400	0.1800	0.1600	0.1700	0.1100	0.1300	0.1350
1999	MAI	0.0900	0.1500	0.1100	0.1000	0.1400	0.1200	0.1400	0.1400	0.0900	0.1600	0.1500	0.1200	0.1200	0.1200	0.1400	0.1300	0.1900	0.1600	0.1700	0.1100	0.1300	0.1324
1999	JUN	0.0900	0.1500	0.1100	0.1000	0.1400	0.1100	0.1300	0.1400	0.1000	0.1600	0.1500	0.1200	0.1200	0.1200	0.1400	0.1300	0.1800	0.1600	0.1700	0.1000	0.1300	0.1310
1999	JUL	0.0900	0.1500	0.1100	0.1000	0.1400	0.1200	0.1300	0.1400	0.1200	0.1500	0.1500	0.1200	0.1200	0.1200	0.1500	0.1300	0.1900	0.1600	0.1700	0.1000	0.1300	0.1329
1999	AGO	0.1000	0.1500	0.1100	0.1100	0.1400	0.1300	0.1400	0.1400	0.1300	0.1600	0.1600	0.1200	0.1100	0.1200	0.1500	0.1400	0.1900	0.1600	0.1900	0.1100	0.1400	0.1381
1999	SET	0.1000	0.1500	0.1200	0.1200	0.1500	0.1400	0.1600	0.1400	0.1400	0.1700	0.1700	0.1200	0.1200	0.1200	0.1500	0.1400	0.1900	0.1700	0.1900	0.1100	0.1500	0.1438
1999	OUT	0.1200	0.1600	0.1200	0.1400	0.1642	0.1584	0.1900	0.1400	0.1560	0.1900	0.2000	0.1200	0.1200	0.1400	0.1588	0.1500	0.2000	0.1900	0.2000	0.1194	0.1564	0.1568
1999	NOV	0.1400	0.1800	0.1600	0.1600	0.1800	0.1700	0.1900	0.1700	0.1560	0.1900	0.2000	0.1200	0.1400	0.1600	0.1588	0.1600	0.2200	0.1900	0.2000	0.1194	0.1564	0.1676
1999	DEZ	0.1700	0.1800	0.1700	0.1600	0.1800	0.1700	0.2000	0.2000	0.1700	0.2000	0.2300	0.1200	0.1500	0.1700	0.1700	0.1700	0.2200	0.1900	0.2100	0.1400	0.1700	0.1781
2000	JAN	0.1600	0.2000	0.1700	0.1700	0.1900	0.1800	0.2100	0.2000	0.1800	0.2100	0.2200	0.1200	0.1500	0.1700	0.1700	0.1800	0.2500	0.2000	0.2200	0.1600	0.1800	0.1852
2000	FEV	0.1600	0.2000	0.1750	0.1700	0.1900	0.1780	0.2000	0.2000	0.1800	0.2100	0.2100	0.1200	0.1660	0.1730	0.1744	0.1800	0.2500	0.2000	0.2200	0.1700	0.1802	0.1860
2000	MAR	0.1600	0.2000	0.1750	0.1700	0.1900	0.1800	0.2100	0.1900	0.1800	0.2100	0.2100	0.1200	0.1680	0.1690	0.1752	0.1800	0.2600	0.2100	0.2200	0.1700	0.1834	0.1872
2000	ABR	0.1600	0.2000	0.1750	0.1700	0.1900	0.1780	0.2000	0.1800	0.1800	0.2100	0.2200	0.1200	0.1680	0.1690	0.1760	0.1800	0.2600	0.2100	0.2200	0.1700	0.1836	0.1866
2000	MAI	0.1500	0.2100	0.1766	0.1700	0.1900	0.1780	0.2100	0.1900	0.1800	0.2100	0.2100	0.1200	0.1640	0.1690	0.1796	0.1800	0.2600	0.2000	0.2300	0.1700	0.1848	0.1872
2000	JUN	0.1600	0.2100	0.1700	0.1700	0.2000	0.1780	0.2000	0.1900	0.1800	0.2100	0.2100	0.1200	0.1600	0.1700	0.1818	0.1800	0.2600	0.2100	0.2300	0.1700	0.1856	0.1879
2000	JUL	0.1600	0.2100	0.1760	0.1700	0.2000	0.1810	0.2000	0.2000	0.1800	0.2100	0.2100	0.1200	0.1600	0.1720	0.1920	0.1800	0.2500	0.2100	0.2300	0.1700	0.1868	0.1889
2000	AGO	0.1800	0.2100	0.1836	0.1800	0.2000	0.1824	0.2000	0.2100	0.1800	0.2200	0.2100	0.1200	0.1740	0.1860	0.1920	0.1800	0.2500	0.2100	0.2300	0.1700	0.1864	0.1931
2000	SET	0.1800	0.2200	0.1836	0.1800	0.2000	0.1824	0.2000	0.2100	0.1800	0.2100	0.2100	0.1200	0.1740	0.1850	0.1920	0.1800	0.2600	0.2100	0.2300	0.1800	0.1864	0.1940
2000	OUT	0.1800	0.2200	0.1900	0.1800	0.2000	0.1800	0.2000	0.2100	0.1900	0.2200	0.2100	0.1200	0.1800	0.1900	0.1900	0.1800	0.2600	0.2100	0.2300	0.1800	0.1900	0.1957
2000	NOV	0.1800	0.2200	0.2000	0.1800	0.2000	0.1900	0.2000	0.2100	0.1900	0.2100	0.2200	0.1200	0.1800	0.2000	0.1900	0.1900	0.2600	0.2100	0.2400	0.1800	0.1900	0.1981
2000	DEZ	0.1900	0.2600	0.2000	0.1900	0.2000	0.1900	0.2000	0.2200	0.1900	0.2200	0.2200	...	0.1900	0.1900	0.2000	0.1900	0.2600	0.2100	0.2400	0.1800	0.2000	0.2070
2001	JAN	0.1900	0.2600	0.2000	0.2000	0.2000	0.2000	0.2000	0.2200	0.2000	0.2100	0.2200	...	0.1900	0.2100	0.2000	0.1900	0.2900	0.2100	0.2400	0.1900	0.2100	0.2115
2001	FEV	0.2000	0.2600	0.2100	0.2000	0.2000	0.2000	0.2000	0.2300	0.2000	0.2200	0.2100	...	0.2200	0.2200	0.2000	0.2000	0.2900	0.2100	0.2400	0.2000	0.2100	0.2160
2001	MAR	0.2000	0.2600	0.2100	0.2100	0.2000	0.2100	0.2100	0.2400	0.2000	0.2200	0.2200	...	0.2200	0.2300	0.2000	0.2000	0.3100	0.2200	0.2500	0.2000	0.2200	0.2215
2001	ABR	0.2000	0.2600	0.2200	0.2100	0.2000	0.2100	0.2100	0.2400	0.2000	0.2200	0.2100	...	0.2300	0.2300	0.2100	0.2100	0.3100	0.2200	0.2500	0.2100	0.2200	0.2235
2001	MAI	0.2100	0.2600	0.2200	0.2300	0.2100	0.2100	0.2100	0.2500	0.2000	0.2200	0.2300	...	0.2300	0.2300	0.2100	0.2100	0.3200	0.2400	0.2600	0.2100	0.2200	0.2290
2001	JUN	0.2200	0.2600	0.2200	0.2400	0.2200	0.2100	0.2200	0.2500	0.2100	0.2400	0.2400	...	0.2300	0.2400	0.2100	0.2200	0.3300	0.2400	0.2600	0.2200	0.2300	0.2355
2001	JUL	0.2300	0.2600	0.2200	0.2400	0.2200	0.2100	0.2200	0.2600	0.2100	0.2400	0.2400	...	0.2400	0.2500	0.2100	0.2200	0.3300	0.2400	0.2600	0.2200	0.2300	0.2375
2001	AGO	0.2300	0.2600	0.2300	0.2500	0.2200	0.2100	0.2200	0.2600	0.2200	0.2500	0.2400	...	0.2400	0.2500	0.2200	0.2200	0.3500	0.2400	0.2700	0.2400	0.2400	0.2430
2001	SET	0.2300	0.2900	0.2300	0.2500	0.2200	0.2200	0.2500	0.2700	0.2200	0.2500	0.2500	...	0.2400	0.2500	0.2200	0.2300	0.3500	0.2500	0.2700	0.2500	0.2400	0.2490
2001	OUT	0.2400	0.2900	0.2300	0.2600	0.2200	0.2200	0.2500	0.2800	0.2300	0.2500	0.2500	...	0.2500	0.2500	0.2200	0.2300	0.3500	0.2500	0.2800	0.2500	0.2500	0.2525
2001	NOV	0.2400	0.2900	0.2300	0.2700	0.2400	0.2300	0.2500	0.2900	0.2300	0.2600	0.2500	...	0.2500	0.2500	0.2300	0.2400	0.3500	0.2600	0.2800	0.2600	0.2500	0.2575
2001	DEZ	0.2500	0.3200	0.2400	0.2700	0.2400	0.2300	0.2500	0.2900	0.2400	0.2700	0.2600	...	0.2600	0.2600	0.2300	0.2400	0.3700	0.2600	0.2900	0.2600	0.2600	0.2645
2002	JAN	0.2500	0.3200	0.2400	0.2700	0.2500	0.2400	0.2500	0.3000	0.2400	0.2700	0.2700	...	0.2600	0.2700	0.2300	0.2500	0.3600	0.2700	0.2900	0.2600	0.2600	0.2675
2002	FEV	0.2500	0.3200	0.2500	0.2700	0.2500	0.2400	0.2700	0.3000	0.2400	0.2700	0.2700	...	0.2600	0.2700	0.2300	0.2600	0.3600	0.2700	0.2900	0.2700	0.2600	0.2700
2002	MAR	0.2600	0.3200	0.2500	0.2700	0.2500	0.2400	0.2400	0.3000	0.2400	0.2700	0.2700	...	0.2600	0.2700	0.2400	0.2600	0.3600	0.2700	0.2900	0.2700	0.2600	0.2695
2002	ABR	0.2600	0.3200	0.2600	0.2700	0.2700	0.2400	0.2400	0.3000	0.2400	0.2700	0.2700	...	0.2600	0.2700	0.2400	0.2600	0.3600	0.2700	0.2900	0.2700	0.2600	0.2710
2002	MAI	0.2600	0.3200	0.2600	0.2700	0.2500	0.2400	0.2400	0.3000	0.2400	0.2700	0.2800	...	0.2600	0.2700	0.2400	0.2600	0.3500	0.2700	0.2900	0.2700	0.2600	0.2700
2002	JUN	0.2600	0.3200	0.2600	0.2800	0.2400	0.2400	0.2400	0.3000	0.2400	0.2700	0.2800	...	0.2600	0.2700	0.2500	0.2600	0.3600	0.2700	0.2900	0.2700	0.2600	0.2710
2002	JUL	0.2700	0.3200	0.2700	0.2800	0.2400	0.2400	0.2400	0.3000	0.2400	0.2700	0.2800	...	0.2700	0.2800	0.2500	0.2600	0.3600	0.2700	0.2900	0.2700	0.2600	0.2730
2002	AGO	0.2800	0.3200	0.2700	0.2900	0.2600	0.2400	0.2600	0.3100	0.2500	0.2900	0.2800	...	0.2700	0.2800	0.2500	0.2600	0.3700	0.2700	0.2900	0.2700	0.2800	0.2795
2002	SET	0.2800	0.3200	0.2700	0.2900	0.2600	0.2500	0.2600	0.3100	0.2500	0.2900	0.3000	...	0.2700	0.2800	0.2600	0.2600	0.3900	0.2800	0.3100	0.2800	0.2800	0.2845
2002	OUT	0.2800	0.3400	0.2800	0.2900	0.2600	0.2500	0.2600	0.3200	0.2700	0.2900	0.3100	...	0.2700	0.2800	0.2600	0.2700	0.4100	0.2900	0.3100	0.2800	0.2900	0.2905
2002	NOV	0.3000	0.3700	0.3000	0.3200	0.2900	0.2700	0.2900	0.3600	0.3000	0.3300	0.3500	...	0.3000	0.3100	0.2700	0.2800	0.4300	0.3200	0.3400	0.3100	0.3200	0.3180
2002	DEZ	0.3100	0.3900	0.3100	0.3500	0.3200	0.2700	0.3000	0.3800	0.3000	0.3700	0.3600	...	0.3300	0.3100	0.2900	0.3100	0.4700	0.3300	0.3800	0.3100	0.3300	0.3360
2003	JAN	0.3300	0.3900	0.3200	0.3600	0.3300	0.2700	0.3200	0.3900	0.3200	0.3700	0.3800	...	0.3300	0.3400	0.3200	0.3300	0.5100	0.3400	0.3800	0.3400	0.3500	0.3510
2003	FEV	0.3400	0.4000	0.3300	0.3600	0.3300	0.3000	0.3300	0.3900	0.3200	0.3700	0.3800	...	0.3300	0.3400	0.3200	0.3300	0.5100	0.3500	0.3800	0.3400	0.3500	0.3550
2003	MAR	0.3400	0.4000	0.3400	0.3600	0.3200	0.3000	0.3200	0.4000	0.3200	0.3700	0.3800	...	0.3300	0.3400	0.3200	0.3300	0.4900	0.3500	0.3800	0.3500	0.3500	0.3545
2003	ABR	0.3400	0.4000	0.3400	0.3600	0.3200	0.3000	0.3200	0.4000	0.3200	0.3800	0.3800	...	0.3300	0.3400	0.3200	0.3300	0.4900	0.3500	0.3800	0.3500	0.3500	0.3550
2003	MAI	0.3400	0.4000	0.3400	0.3600	0.3200	0.3000	0.3200	0.4000	0.3200	0.3900	0.3800	...	0.3400	0.3400	0.3200	0.3300	0.4800	0.3500	0.3800	0.3500	0.3600	0.3560
2003	JUN	0.3400	0.4000	0.3400	0.3600	0.3200	0.3000	0.3200	0.4000	0.3200	0.3900	0.3800	...	0.3400	0.3500	0.3200	0.3300	0.4900	0.3500	0.3800	0.3500	0.3600	0.3570
2003	JUL	0.3400	0.3600	0.3400	0.3600	0.3200	0.3000	0.3300	0.4100	0.3200	0.3700	0.3800	...	0.3400	0.3400	0.3300	0.3300	0.4800	0.3500	0.3800	0.3500	0.3600	0.3545
2003	AGO	0.3500	0.3600	0.3500	0.3600	0.3100	0.3000	0.3200	0.4200	0.3200	0.3900	0.3800	...	0.3400	0.3400	0.3300	0.3300	0.4800	0.3500	0.3800	0.3500	0.3500	0.3555
2003	SET	0.3400	0.3600	0.3500	0.3600	0.3100	0.3000	0.3200	0.4200	0.3200	0.3900	0.3800	...	0.3400	0.3400	0.3300	0.3300	0.4700	0.3500	0.3800	0.3500	0.3600	0.3550
2003	OUT	0.3400	0.3600	0.3500	0.3600	0.3100	0.3000	0.3200	0.3800	0.3200	0.3900	0.3800	...	0.3400	0.3400	0.3300	0.3300	0.4700	0.3500	0.3800	0.3500	0.3500	0.3525
2003	NOV	0.3400	0.3600	0.3400	0.3600	0.3000	0.3000	0.3100	0.3800	0.3200	0.3900	0.3700	...	0.3400	0.3400	0.3300	0.3300	0.4600	0.3500	0.3800	0.3600	0.3500	0.3505
2003	DEZ	0.3400	0.3300	0.3500	0.3600	0.2900	0.3000	0.3200	0.3700	0.3200	0.3900	0.3700	...	0.3400	0.3400	0.3300	0.3300	0.4700	0.3500	0.3800	0.3600	0.3500	0.3495
2004	JAN	0.3400	0.3200	0.3500	0.3600	0.2400	0.3000	0.2600	0.3300	0.3200	0.3900	0.3400	...	0.3400	0.3400	0.3300	0.3300	0.4300	0.3500	0.3800	0.3700	0.3500	0.3385
2004	FEV	0.3400	0.3200	0.3500	0.3600	0.2400	0.3000	0.2600	0.3300	0.3200	0.3900	0.3400	...	0.3400	0.3400	0.3300	0.3300	0.4300	0.3500	0.3800	0.3700	0.3500	0.3385
2004	MAR	0.3300	0.3200	0.3400	0.3100	0.2200	0.3000	0.2300	0.3300	0.3200	0.3900	0.3200	...	0.3400	0.3400	0.3300	0.3400	0.4300	0.3500	0.3800	0.3700	0.3500	0.3320
2004	ABR	0.3300	0.3400	0.3500	0.3100	0.2200	0.3000	0.2400	0.3300	0.3200	0.3800	0.3200	...	0.3400	0.3400	0.3300	0.3400	0.4100	0.3500	0.3800	0.3700	0.3600	0.3330
2004	MAI	0.3200	0.3400	0.3400	0.3100	0.2200	0.3000	0.2300	0.3300	0.3200	0.3900	0.3200	...	0.3400	0.3400	0.3300	0.3400	0.2800	0.3500	0.3800	0.3700	0.3500	0.3250
2004	JUN	0.3200	0.3400	0.3344	0.3100	0.2200	0.3040	0.2300	0.3300	0.3200	0.3800	0.3200	...	0.3400	0.3370	0.3400	0.3400	0.3900	0.3500	0.3800	0.3700	0.3500	0.3303
2004	JUL	0.3200	0.3600	0.3472	0.3100	0.2200	0.3040	0.2200	0.3300	0.3200	0.3700	0.3000	...	0.3400	0.3370	0.3460	0.3400	0.3900	0.3500	0.3800	0.3700	0.3518	0.3303
2004	AGO	0.3400	0.3400	0.3480	0.3100	0.2200	0.3040	0.2300	0.3700	0.3200	0.3700	0.3100	...	0.3400	0.3320	0.3460	0.3400	0.4000	0.3500	0.3800	0.3700	0.3514	0.3336
2004	SET	0.3200	0.3400	0.3360	0.3100	0.2200	0.3040	0.2200	0.3700	0.3200	0.3600	0.3100	...	0.3400	0.3320	0.3500	0.3400	0.3900	0.3500	0.3800	0.3700	0.3548	0.3308
2004	OUT	0.3200	0.3600	0.3480	0.2900	0.2100	0.3040	0.2250	0.3700	0.3200	0.3600	0.3000	...	0.3240	0.3230	0.3500	0.3400	0.3900	0.3500	0.3900	0.3700	0.3520	0.3298
2004	NOV	0.3200	0.3600	0.3360	0.2800	0.2100	0.3040	0.2200	0.3700	0.3200	0.3600	0.3000	...	0.3240	0.3250	0.3520	0.3400	0.3700	0.3500	0.3900	0.3700	0.3520	0.3277
2004	DEZ	0.3300	0.3600	0.3480	0.2800	0.2100	0.3040	0.2200	0.3700	0.3200	0.3600	0.3000	...	0.3240	0.3200	0.3520	0.3400	0.3800	0.3500	0.3900	0.3700	0.3474	0.3288
2005	JAN	0.3200	0.3600	0.3360	0.2800	0.2100	0.3040	0.2155	0.3600	0.3210	0.3500	0.2900	...	0.3200	0.3200	0.3520	0.3400	0.3800	0.3400	0.3800	0.3700	0.3474	0.3248
2005	FEV	0.3300	0.3600	0.3300	0.2800	0.2100	0.3040	0.2184	0.3600	0.3210	0.3600	0.2900	...	0.3200	0.3160	0.3520	0.3400	0.3800	0.3400	0.3800	0.3600	0.3396	0.3246
2005	MAR	0.3200	0.3400	0.3304	0.2800	0.2100	0.3040	0.2100	0.3500	0.2860	0.3350	0.2600	...	0.3200	0.3090	0.3520	0.3300	0.3800	0.3400	0.3800	0.3700	0.3230	0.3165
2005	ABR	0.3200	0.3600	0.3328	0.2700	0.2000	0.3034	0.2145	0.3200	0.2800	0.3350	0.2500	...	0.3200	0.3040	0.3520	0.3200	0.3700	0.3400	0.3800	0.3700	0.3184	0.3130
2005	MAI	0.3200	0.3600	0.3328	0.2700	0.1900	0.2930	0.2000	0.3200	0.2500	0.3100	0.2500	...	0.2860	0.3000	0.3520	0.3200	0.3700	0.3400	0.3700	0.3700	0.3102	0.3057
2005	JUN	0.3200	0.3600	0.3154	0.2500	0.1900	0.2630	0.2100	0.3000	0.2340	0.3200	0.2400	...	0.2940	0.3200	0.3520	0.2700	0.3400	0.3300	0.3700	0.3700	0.2670	0.2958
2005	JUL	0.3100	0.3500	0.3214	0.2500	0.2000	0.2930	0.1971	0.3300	0.2200	0.3200	0.2400	...	0.2910	0.3000	0.3520	0.3100	0.3400	0.3300	0.3700	0.3700	0.2842	0.2989
2005	AGO	0.3100	0.3300	0.3154	0.2500	0.1900	0.2298	0.2048	0.2900	0.2200	0.3200	0.2400	...	0.2970	0.2800	0.3500	0.2600	0.3600	0.3300	0.3700	0.3600	0.2404	0.2874
2005	SET	0.3100	0.3300	0.3154	0.2700	0.1900	0.2200	0.2048	0.2700	0.2200	0.3100	0.2300	...	0.2980	0.2890	0.3460	0.2400	0.3700	0.3300	0.3700	0.3500	0.2296	0.2846
2005	OUT	0.3000	0.3800	0.3154	0.2800	0.1900	0.2200	0.2048	0.2700	0.1730	0.3100	0.2300	...	0.2850	0.2700	0.3460	0.2200	0.3700	0.3300	0.3700	0.3600	0.2232	0.2824
2005	NOV	0.3610	0.3700	0.3120	0.3000	0.1900	0.2400	0.2000	0.3400	0.1660	0.3100	0.2400	...	0.2810	0.2700	0.3460	0.2200	0.3700	0.3300	0.3700	0.3600	0.2220	0.2899
2005	DEZ	0.3100	0.3900	0.3120	0.3100	0.1900	0.2400	0.2010	0.3410	0.1580	0.3100	0.2400	...	0.2800	0.2700	0.3460	0.2200	0.3700	0.3300	0.3700	0.3600	0.2222	0.2885
2006	JAN	0.3100	0.3900	0.3120	0.3100	0.2100	0.2400	0.2010	0.3410	0.1500	0.2900	0.2400	...	0.2860	0.2700	0.3400	0.2200	0.3700	0.3300	0.3700	0.3600	0.2220	0.2881
2006	FEV	0.3100	0.3900	0.3120	0.3100	0.1900	0.2400	0.2000	0.3300	0.1500	0.2900	0.2400	...	0.2870	0.2700	0.3400	0.2200	0.3700	0.3200	0.3600	0.3400	0.2214	0.2845
2006	MAR	0.3000	0.3900	0.3120	0.3100	0.1900	0.2400	0.1990	0.3400	0.1500	0.2900	0.2200	...	0.2870	0.2700	0.3400	0.2200	0.3700	0.3200	0.3600	0.3600	0.2174	0.2843
2006	ABR	0.3000	0.3900	0.3130	0.3100	0.1900	0.2400	0.2000	0.3260	0.1700	0.2900	0.2200	...	0.2870	0.2700	0.3380	0.2000	0.3700	0.3100	0.3600	0.3600	0.2172	0.2831
2006	MAI	0.3000	0.3900	0.3130	0.3100	0.1900	0.2494	0.2100	0.3248	0.1740	0.2900	0.2300	...	0.2860	0.2700	0.3380	0.2000	0.3700	0.3200	0.3600	0.3600	0.2282	0.2857
2006	JUN	0.2950	0.4000	0.3130	0.3100	0.1900	0.2494	0.2100	0.3300	0.1740	0.2849	0.2500	...	0.2840	0.2700	0.3380	0.2100	0.3800	0.3100	0.3600	0.3600	0.2324	0.2875
2006	JUL	0.3000	0.4000	0.3180	0.3200	0.1900	0.2494	0.2000	0.3500	0.1740	0.2800	0.2300	...	0.2850	0.2700	0.3380	0.2100	0.3800	0.3100	0.3600	0.3650	0.2288	0.2879
2006	AGO	0.3000	0.4000	0.3180	0.3200	0.1900	0.2500	0.2000	0.3500	0.1740	0.2800	0.2300	...	0.2830	0.2670	0.3380	0.2200	0.3800	0.3100	0.3500	0.3650	0.2302	0.2878
2006	SET	0.3000	0.4000	0.3160	0.3200	0.1900	0.2500	0.2000	0.3390	0.1740	0.2800	0.2400	...	0.2830	0.2670	0.3400	0.2200	0.3500	0.3100	0.3400	0.3500	0.2312	0.2850
2006	OUT	0.3000	0.4000	0.3180	0.3200	0.1900	0.2494	0.2000	0.3390	0.1740	0.2800	0.2400	...	0.2810	0.2720	0.3400	0.2200	0.3500	0.3100	0.3400	0.3300	0.2322	0.2843
2006	NOV	0.3000	0.4050	0.3200	0.3200	0.1900	0.2500	0.2000	0.3410	0.1710	0.2900	0.2500	...	0.2810	0.2800	0.3400	0.2200	0.3800	0.3000	0.3400	0.3300	0.2324	0.2870
2006	DEZ	0.3000	0.4100	0.3200	0.3300	0.1900	0.2494	0.2000	0.3400	0.1710	0.3000	0.2500	...	0.2780	0.2720	0.3400	0.2200	0.3900	0.3100	0.3400	0.3300	0.2326	0.2887
2007	JAN	0.3000	0.4100	0.3200	0.3300	0.1900	0.2494	0.2000	0.3600	0.1710	0.2980	0.2700	...	0.2770	0.2640	0.3400	0.2200	0.3900	0.3100	0.3400	0.3400	0.2314	0.2905
2007	FEV	0.2900	0.4100	0.3462	0.3300	0.1900	0.2500	0.2000	0.3713	0.1710	0.2900	0.2600	0.3500	0.2700	0.2700	0.3400	0.2200	0.3983	0.3100	0.3400	0.3400	0.2280	0.2940
2007	MAR	0.2900	0.4100	0.3484	0.3200	0.1900	0.2473	0.2000	0.3722	0.1710	0.2900	0.2600	0.3600	0.2750	0.2700	0.3400	0.2200	0.3983	0.3100	0.3400	0.3300	0.2270	0.2938
2007	ABR	0.2900	0.4100	0.3394	0.3300	0.1900	0.2500	0.2000	0.3603	0.1720	0.2900	0.2600	0.3500	0.2700	0.2700	0.3400	0.2200	0.4030	0.3200	0.3400	0.3200	0.2274	0.2930
2007	MAI	0.2900	0.4100	0.3372	0.3300	0.1900	0.2400	0.1900	0.3568	0.1720	0.2900	0.2600	0.3500	0.2800	0.2700	0.3400	0.2200	0.4102	0.3200	0.3400	0.3200	0.2286	0.2926
2007	JUN	0.2890	0.4100	0.3471	0.3300	0.1900	0.2500	0.1900	0.3616	0.1720	0.2900	0.2600	0.3500	0.2800	0.2700	0.3400	0.2200	0.4055	0.3200	0.3400	0.3100	0.2280	0.2930
2007	JUL	0.3000	0.4100	0.3500	0.3200	0.2000	0.2500	0.1900	0.3564	0.1780	0.2900	0.2600	0.3465	0.2800	0.2700	0.3400	0.2200	0.4116	0.3200	0.3400	0.3200	0.2356	0.2947
2007	AGO	0.3100	0.4300	0.3500	0.3200	0.2000	0.2500	0.2000	0.3538	0.2068	0.2900	0.2600	0.3465	0.2800	0.2700	0.3200	0.2200	0.4300	0.3200	0.3300	0.3200	0.2376	0.2974
2007	SET	0.3000	0.4100	0.3600	0.3200	0.2300	0.2500	0.2200	0.3420	0.2260	0.2900	0.3500	0.3500	0.2800	0.2600	0.3080	0.2400	0.4400	0.3200	0.3400	0.3200	0.2500	0.3050
2007	OUT	0.3200	0.4400	0.3573	0.3200	0.2710	0.2600	0.2700	0.4300	0.2620	0.3200	0.3900	0.3610	0.2800	0.2600	0.3130	0.2800	0.4705	0.3200	0.3400	0.3000	0.2754	0.3257
2007	NOV	0.3200	0.4500	0.3573	0.3300	0.2600	0.2800	0.2700	0.4080	0.2840	0.3200	0.2900	0.3720	0.2900	0.2900	0.3211	0.2800	0.4884	0.3200	0.3400	0.3000	0.2812	0.3263
2007	DEZ	0.3200	0.4500	0.3573	0.3300	0.2600	0.2800	0.2700	0.4080	0.2840	0.3200	0.2900	0.3720	0.2900	0.2900	0.3211	0.2800	0.4884	0.3200	0.3400	0.3000	0.2812	0.3263
2008	JAN	0.3100	0.4500	0.3570	0.3300	0.2400	0.2800	0.2700	0.3890	0.2842	0.3200	0.3000	0.3800	0.2800	0.2900	0.3200	0.2800	0.4978	0.3200	0.3400	0.3000	0.2826	0.3248
2008	FEV	0.3100	0.4500	0.3336	0.3300	0.2415	0.2800	0.2700	0.3690	0.2842	0.3200	0.3200	0.3700	0.2800	0.2600	0.3200	0.2800	0.5124	0.3200	0.3400	0.3000	0.2870	0.3227
2008	MAR	0.3400	0.4500	0.3298	0.3300	0.2550	0.2800	0.2760	0.3605	0.2842	0.3200	0.3040	0.3730	0.2800	0.2600	0.3100	0.2800	0.4929	0.3200	0.3400	0.3000	0.2872	0.3225
2008	ABR	0.3150	0.4700	0.3298	0.3300	0.2700	0.2800	0.2785	0.3657	0.2842	0.3200	0.3150	0.3700	0.2800	0.2700	0.3195	0.2800	0.4674	0.3200	0.3400	0.3120	0.2874	0.3240
2008	MAI	0.3050	0.4500	0.3306	0.3300	0.2700	0.2800	0.2850	0.3673	0.2842	0.3200	0.3700	0.3800	0.2800	0.2700	0.3300	0.3000	0.4986	0.3300	0.3400	0.3000	0.2950	0.3293
2008	JUN	0.3250	0.4500	0.3309	0.3240	0.2795	0.2800	0.2950	0.3790	0.2920	0.3200	0.4200	0.3800	0.2800	0.2700	0.3300	0.3000	0.4800	0.3400	0.3400	0.3000	0.3016	0.3341
2008	JUL	0.3400	0.4600	0.3318	0.3300	0.3014	0.2800	0.3050	0.3908	0.2920	0.3300	0.4400	0.3900	0.2780	0.2700	0.3300	0.3000	0.5750	0.3400	0.3400	0.3130	0.3026	0.3447
2008	AGO	0.3600	0.4900	0.3312	0.3300	0.3180	0.2800	0.3414	0.4208	0.2920	0.3400	0.4400	0.4800	0.2986	0.3000	0.3300	0.3000	0.5786	0.3300	0.3400	0.3034	0.3058	0.3576
2008	SET	0.3700	0.4900	0.3354	0.3400	0.3480	0.2890	0.3500	0.4445	0.3000	0.3500	0.4549	0.4900	0.3304	0.3500	0.3250	0.3200	0.5901	0.3300	0.3500	0.3200	0.3170	0.3712
2008	OUT	0.4000	0.4900	0.3503	0.3400	0.3486	0.2948	0.3700	0.4423	0.3180	0.3700	0.4580	0.5000	0.3200	0.3200	0.3250	0.3400	0.5844	0.3300	0.3800	0.3040	0.3562	0.3782
2008	NOV	0.4000	0.5000	0.3500	0.3382	0.3435	0.3200	0.3708	0.4767	0.3160	0.3700	0.5000	0.5000	0.3100	0.3200	0.3190	0.3400	0.5775	0.3400	0.3800	0.3250	0.3552	0.3834
2008	DEZ	0.4000	0.5000	0.3552	0.3560	0.3480	0.3200	0.3669	0.4776	0.3180	0.3700	0.5000	0.4700	0.3060	0.3200	0.3190	0.3400	0.5640	0.3500	0.3800	0.3120	0.3550	0.3823
2009	JAN	0.4000	0.5000	0.3604	0.3600	0.3215	0.3400	0.3700	0.4343	0.3360	0.3700	0.4600	0.4700	0.3000	0.3200	0.3190	0.3400	0.5800	0.3500	0.3800	0.3200	0.3494	0.3800
2009	FEV	0.4000	0.5000	0.3585	0.3500	0.3050	0.3400	0.3600	0.4475	0.3360	0.3700	0.4300	0.4700	0.3000	0.3200	0.3300	0.3500	0.5474	0.3400	0.3800	0.3100	0.3446	0.3757
2009	MAR	0.4000	0.5050	0.3528	0.3380	0.3000	0.3400	0.3500	0.4231	0.3360	0.3700	0.3900	0.4600	0.3020	0.3200	0.3000	0.3600	0.5642	0.3400	0.3800	0.3200	0.3412	0.3711
2009	ABR	0.3900	0.5000	0.3392	0.3334	0.2920	0.3300	0.3350	0.4115	0.3242	0.3640	0.3650	0.4600	0.2990	0.3012	0.3000	0.3400	0.5503	0.3300	0.3700	0.3000	0.3340	0.3604
2009	MAI	0.3900	0.5000	0.3600	0.3200	0.2908	0.3260	0.3290	0.4152	0.3226	0.3640	0.3750	0.4600	0.2880	0.3012	0.3000	0.3400	0.5208	0.3300	0.3700	0.3000	0.3288	0.3586
2009	JUN	0.3900	0.5000	0.3564	0.3100	0.2908	0.3300	0.3250	0.4336	0.3192	0.3600	0.3580	0.4500	0.2900	0.3012	0.3100	0.3400	0.5200	0.3200	0.3700	0.2900	0.3284	0.3568
2009	JUL	0.3900	0.5000	0.3544	0.3050	0.2908	0.3260	0.3250	0.4384	0.3192	0.3700	0.4050	0.4430	0.2878	0.3012	0.3000	0.3400	0.5400	0.3200	0.3700	0.2900	0.3266	0.3592
2009	AGO	0.3800	0.5100	0.3400	0.3200	0.2900	0.3300	0.3120	0.4346	0.3200	0.3700	0.4050	0.4600	0.2900	0.3012	0.3050	0.3400	0.5200	0.3100	0.3700	0.3600	0.3252	0.3616
2009	SET	0.3800	0.5050	0.3450	0.3200	0.2900	0.3270	0.3300	0.4396	0.3184	0.3700	0.4050	0.4650	0.2870	0.3012	0.3200	0.3400	0.5200	0.3100	0.3700	0.3000	0.3254	0.3604
2009	OUT	0.3800	0.5000	0.3480	0.3280	0.2928	0.3200	0.3300	0.4425	0.3184	0.3700	0.3990	0.4604	0.3008	0.3012	0.3300	0.3400	0.5100	0.3100	0.3700	0.3100	0.3250	0.3612
2009	NOV	0.3800	0.5000	0.3466	0.3200	0.2924	0.3200	0.3260	0.4411	0.3140	0.3700	0.3980	0.4600	0.3078	0.3260	0.3300	0.3400	0.5200	0.3200	0.3700	0.2986	0.3250	0.3622
2009	DEZ	0.3800	0.5050	0.3450	0.3189	0.2920	0.3248	0.3260	0.4439	0.3140	0.3700	0.3860	0.4600	0.3034	0.3260	0.3300	0.3400	0.5228	0.3300	0.3700	0.2990	0.3250	0.3625
2010	JAN	0.3800	0.5000	0.3450	0.3100	0.2962	0.3300	0.3290	0.4580	0.3100	0.3700	0.3820	0.4640	0.3100	0.3260	0.3150	0.3400	0.5200	0.3200	0.3700	0.3000	0.3242	0.3619
2010	FEV	0.3800	0.5000	0.3449	0.3200	0.2928	0.3300	0.3270	0.4509	0.3100	0.3700	0.3820	0.4560	0.3300	0.3260	0.3050	0.3400	0.5191	0.3200	0.3700	0.2990	0.3252	0.3618
2010	MAR	0.3800	0.5050	0.3432	0.3320	0.2988	0.3248	0.3280	0.4509	0.3100	0.3700	0.3800	0.4666	0.3300	0.3260	0.3050	0.3400	0.5135	0.3200	0.3700	0.3000	0.3242	0.3628
2010	ABR	0.3700	0.5100	0.3456	0.3400	0.3050	0.3300	0.3400	0.4509	0.3200	0.3700	0.3680	0.4760	0.3300	0.3260	0.3100	0.3400	0.5100	0.3200	0.3700	0.3000	0.3260	0.3646
2010	MAI	0.3600	0.5100	0.3498	0.3400	0.3056	0.3320	0.3390	0.4700	0.3302	0.3700	0.3750	0.4800	0.3300	0.3260	0.3200	0.3400	0.5400	0.3300	0.3800	0.3060	0.3362	0.3700
2010	JUN	0.3600	0.5050	0.3502	0.3700	0.3056	0.3304	0.3400	0.4633	0.3300	0.3800	0.3660	0.4700	0.3300	0.3360	0.3400	0.3400	0.5200	0.3200	0.3800	0.3026	0.3390	0.3704
2010	JUL	0.3600	0.5050	0.3494	0.3600	0.3058	0.3320	0.3400	0.4767	0.3260	0.4000	0.4200	0.4712	0.3200	0.3360	0.3400	0.3400	0.5259	0.3300	0.3800	0.3086	0.3400	0.3746
2010	AGO	0.3600	0.5400	0.3512	0.3696	0.3058	0.3300	0.3400	0.4867	0.3240	0.3900	0.4200	0.4748	0.3300	0.3398	0.3224	0.3400	0.5417	0.3300	0.3800	0.2994	0.3378	0.3768
2010	SET	0.3500	0.5500	0.3548	0.3692	0.3060	0.3308	0.3400	0.4884	0.3240	0.3900	0.4200	0.4746	0.3200	0.3478	0.3224	0.3400	0.5417	0.3300	0.3800	0.3200	0.3412	0.3781
2010	OUT	0.4000	0.5600	0.3568	0.3686	0.3064	0.3300	0.3400	0.5050	0.3240	0.3900	0.4200	0.4838	0.3240	0.3478	0.3500	0.3400	0.5417	0.3500	0.3800	0.2994	0.3436	0.3839
2010	NOV	0.3500	0.5700	0.3588	0.3700	0.3072	0.3300	0.3320	0.5133	0.3240	0.4000	0.4200	0.4950	0.3200	0.3478	0.3600	0.3400	0.5500	0.3500	0.3800	0.3150	0.3436	0.3846
2010	DEZ	0.3500	0.5700	0.3680	0.3700	0.3056	0.3300	0.3400	0.5150	0.3240	0.4000	0.4100	0.4962	0.3200	0.3478	0.3500	0.3400	0.5400	0.3600	0.3800	0.3400	0.3446	0.3858
2011	JAN	0.3800	0.5630	0.3708	0.3800	0.3228	0.3300	0.3400	0.5200	0.3240	0.4000	0.4050	0.4964	0.3240	0.3600	0.3500	0.3400	0.5400	0.3700	0.3900	0.3300	0.3450	0.3896
2011	FEV	0.3800	0.5620	0.3614	0.3800	0.3060	0.3300	0.3320	0.5200	0.3240	0.4000	0.4050	0.5080	0.3200	0.3766	0.3500	0.3400	0.5400	0.3600	0.3900	0.3266	0.3450	0.3884
2011	MAR	0.3800	0.5620	0.3626	0.3800	0.3090	0.3300	0.3320	0.5200	0.3240	0.3900	0.3996	0.5064	0.3200	0.3800	0.3500	0.3400	0.5100	0.3600	0.3900	0.3200	0.3462	0.3863
2011	ABR	0.3800	0.5640	0.3648	0.3900	0.3020	0.3356	0.3360	0.5200	0.3418	0.3900	0.3880	0.5136	0.3400	0.3900	0.3550	0.3400	0.5100	0.3600	0.4000	0.3266	0.3456	0.3901
2011	MAI	0.4000	0.5660	0.3752	0.3850	0.3140	0.3428	0.3320	0.5200	0.3432	0.4000	0.3840	0.5142	0.3400	0.3906	0.3600	0.3400	0.5100	0.3600	0.4200	0.3300	0.3446	0.3939
2011	JUN	0.4000	0.5660	0.3688	0.3800	0.3020	0.3428	0.3320	0.5200	0.3434	0.4000	0.4000	0.5154	0.3400	0.3920	0.3700	0.3400	0.5200	0.3700	0.4400	0.3300	0.3476	0.3962
2011	JUL	0.3800	0.5640	0.3704	0.3750	0.3048	0.3428	0.3320	0.5229	0.3434	0.4000	0.4100	0.5166	0.3400	0.3934	0.3600	0.3400	0.5200	0.3800	0.4400	0.3300	0.3514	0.3960
2011	AGO	0.3800	0.5660	0.3708	0.3800	0.3058	0.3428	0.3320	0.5229	0.3434	0.4000	0.4126	0.5180	0.3500	0.4294	0.3500	0.3400	0.5147	0.3800	0.4200	0.3312	0.3518	0.3972
2011	SET	0.3800	0.5660	0.3806	0.3750	0.3040	0.3428	0.3320	0.5219	0.3434	0.4000	0.4138	0.5162	0.3400	0.4360	0.3500	0.3500	0.5209	0.3700	0.4200	0.3312	0.3496	0.3973
2011	OUT	0.3800	0.5660	0.3844	0.3750	0.3140	0.3444	0.3360	0.5260	0.3434	0.4000	0.4176	0.5194	0.3400	0.4360	0.3500	0.3500	0.5200	0.3800	0.4300	0.3520	0.3514	0.4007
2011	NOV	0.3700	0.5670	0.3844	0.3700	0.3140	0.3460	0.3360	0.5300	0.3430	0.4000	0.4126	0.5236	0.3600	0.4360	0.3500	0.3600	0.5200	0.3800	0.4300	0.3520	0.3528	0.4018
2011	DEZ	0.3800	0.5670	0.3868	0.3700	0.3060	0.3460	0.3400	0.5200	0.3400	0.4000	0.4176	0.5272	0.3400	0.4360	0.3500	0.3600	0.5200	0.3800	0.4300	0.3800	0.3504	0.4022
2012	JAN	0.4000	0.5670	0.3804	0.3700	0.3110	0.3460	0.3444	0.5100	0.3398	0.4000	0.4176	0.5268	0.3400	0.4294	0.3500	0.3600	0.5300	0.3800	0.4300	0.3722	0.3482	0.4025
2012	FEV	0.4100	0.5670	0.3826	0.3700	0.3110	0.3460	0.3440	0.5200	0.3380	0.4000	0.4164	0.5276	0.3400	0.4160	0.3400	0.3600	0.5300	0.3800	0.4300	0.3406	0.3492	0.4009
2012	MAR	0.3800	0.5670	0.3886	0.3700	0.3100	0.3460	0.3440	0.5200	0.3380	0.4000	0.4168	0.5284	0.3500	0.4160	0.3400	0.3600	0.5200	0.3800	0.4300	0.3600	0.3506	0.4007
2012	ABR	0.3750	0.5682	0.3950	0.3700	0.3250	0.3460	0.3500	0.4600	0.3576	0.4000	0.4162	0.5320	0.3600	0.4160	0.3400	0.3640	0.5200	0.3800	0.4300	0.3700	0.3536	0.4014
2012	MAI	0.3650	0.5682	0.3954	0.3680	0.3318	0.3540	0.3500	0.4600	0.3570	0.4000	0.4170	0.5360	0.3600	0.4208	0.3400	0.3700	0.5200	0.3700	0.4300	0.3600	0.3540	0.4013
2012	JUN	0.3700	0.5682	0.3934	0.3650	0.3056	0.3600	0.3500	0.4650	0.3560	0.4000	0.4188	0.5456	0.3600	0.4208	0.3500	0.3620	0.5200	0.3800	0.4300	0.3620	0.3516	0.4016
2012	JUL	0.3700	0.5682	0.3948	0.3650	0.3140	0.3640	0.3500	0.4800	0.3520	0.4000	0.4200	0.5496	0.3600	0.4208	0.3400	0.3620	0.5200	0.3800	0.4300	0.3484	0.3538	0.4020
2012	AGO	0.3800	0.6050	0.3974	0.3600	0.3210	0.3640	0.3518	0.4800	0.3520	0.4000	0.4200	0.5504	0.3662	0.4208	0.3400	0.3620	0.5300	0.3900	0.4300	0.3484	0.3538	0.4058
2012	SET	0.3900	0.5680	0.3990	0.3600	0.3210	0.3640	0.3550	0.4900	0.3520	0.4000	0.4200	0.5524	0.3700	0.4208	0.3600	0.3620	0.5300	0.3800	0.4300	0.3440	0.3544	0.4058
2012	OUT	0.3900	0.5680	0.4036	0.3600	0.3250	0.3666	0.3628	0.4980	0.3520	0.4000	0.4188	0.5524	0.3700	0.4208	0.3600	0.3620	0.5300	0.3800	0.4300	0.3514	0.3550	0.4074
2012	NOV	0.3900	0.5740	0.4036	0.3600	0.3210	0.3666	0.3628	0.4980	0.3520	0.4000	0.4182	0.5532	0.3700	0.4208	0.3600	0.3620	0.5300	0.3700	0.4200	0.3514	0.3556	0.4066
2012	DEZ	0.4000	0.5740	0.4036	0.3600	0.3170	0.3666	0.3628	0.4900	0.3520	0.4000	0.4186	0.5500	0.3600	0.4342	0.3800	0.3620	0.5300	0.3700	0.4200	0.3500	0.3556	0.4074
2013	JAN	0.3950	0.6140	0.4032	0.3600	0.3200	0.3666	0.3628	0.5000	0.3520	0.4200	0.4168	0.5352	0.3600	0.4360	0.3750	0.3640	0.5400	0.3800	0.4300	0.3500	0.3556	0.4112
2013	FEV	0.3900	0.6190	0.4032	0.3650	0.3304	0.3666	0.3620	0.4800	0.3520	0.4200	0.4170	0.5384	0.3700	0.4394	0.3750	0.3640	0.5300	0.3900	0.4300	0.3484	0.3560	0.4117
2013	MAR	0.3900	0.6190	0.4078	0.3700	0.3206	0.3666	0.3540	0.4800	0.3520	0.4200	0.4156	0.5322	0.3700	0.4394	0.3800	0.3640	0.5300	0.3900	0.4300	0.3440	0.3562	0.4110
2013	ABR	0.3900	0.6190	0.4120	0.3650	0.3170	0.3670	0.3360	0.5000	0.3634	0.4200	0.4126	0.5334	0.3700	0.4426	0.4000	0.3700	0.5400	0.3900	0.4300	0.3514	0.3580	0.4137
2013	MAI	0.3900	0.6190	0.4138	0.3700	0.3210	0.3670	0.3360	0.5000	0.3634	0.4200	0.4040	0.5334	0.3700	0.4426	0.3940	0.3700	0.5300	0.3900	0.4300	0.3544	0.3642	0.4135
2013	JUN	0.4400	0.6190	0.4182	0.3700	0.3200	0.3670	0.3360	0.5000	0.3634	0.4200	0.4002	0.5346	0.3600	0.4526	0.3980	0.3700	0.5300	0.4000	0.4300	0.3544	0.3660	0.4166
2013	JUL	0.4600	0.5700	0.4064	0.3700	0.3260	0.3700	0.3360	0.4700	0.3634	0.4200	0.3980	0.5374	0.3600	0.4266	0.3840	0.3700	0.5300	0.4000	0.4300	0.3484	0.3678	0.4116
2013	AGO	0.4400	0.6120	0.4064	0.3700	0.3260	0.3674	0.3400	0.4700	0.3634	0.4200	0.3980	0.5390	0.3600	0.4526	0.3840	0.3700	0.5300	0.4000	0.4300	0.3544	0.3688	0.4144
2013	SET	0.4500	0.6160	0.4142	0.3700	0.3260	0.3674	0.3500	0.5000	0.3602	0.4200	0.3900	0.5386	0.3600	0.4526	0.3900	0.3700	0.5300	0.4100	0.4300	0.3560	0.3686	0.4176
2013	OUT	0.4300	0.6300	0.4102	0.3650	0.3230	0.3700	0.3500	0.6100	0.3650	0.4200	0.3900	0.5404	0.3700	0.4560	0.3990	0.3700	0.5600	0.4200	0.4400	0.3544	0.3754	0.4261
2013	NOV	0.4300	0.6300	0.4188	0.3700	0.3230	0.3700	0.3600	0.6100	0.3710	0.4300	0.3874	0.5414	0.3730	0.4574	0.3980	0.3700	0.5700	0.4300	0.4400	0.3600	0.3776	0.4294
2013	DEZ	0.4300	0.6300	0.4188	0.3700	0.3230	0.3700	0.3600	0.6100	0.3710	0.4300	0.3890	0.5430	0.3810	0.4606	0.4260	0.3710	0.5800	0.4300	0.4400	0.3572	0.3800	0.4319
2014	JAN	0.4600	0.6300	0.4214	0.3700	0.3260	0.3700	0.3600	0.5600	0.3720	0.4300	0.4090	0.5450	0.3774	0.4604	0.4180	0.3800	0.5800	0.4300	0.4400	0.3730	0.3830	0.4331
2014	FEV	0.4600	0.6400	0.4258	0.3700	0.3230	0.3700	0.3600	0.5400	0.3720	0.4300	0.4098	0.5494	0.4042	0.4706	0.4100	0.3800	0.5900	0.4300	0.4400	0.3920	0.3834	0.4357
2014	MAR	0.4500	0.6400	0.4324	0.3700	0.3180	0.3700	0.3500	0.5400	0.3720	0.4400	0.4010	0.5480	0.4118	0.4726	0.4100	0.3840	0.5900	0.4400	0.4400	0.3920	0.3840	0.4360
2014	ABR	0.4800	0.6400	0.4324	0.3700	0.3200	0.3700	0.3500	0.5400	0.3720	0.4400	0.4040	0.5492	0.4094	0.4734	0.4200	0.3840	0.5700	0.4400	0.4600	0.4000	0.3850	0.4385
2014	MAI	0.5000	0.6400	0.4352	0.3800	0.3266	0.3700	0.3500	0.5800	0.3720	0.4400	0.4042	0.5506	0.3874	0.4734	0.4200	0.3900	0.5800	0.4500	0.4600	0.4000	0.4012	0.4434
2014	JUN	0.5000	0.6400	0.4366	0.3900	0.3380	0.3700	0.3500	0.5900	0.3818	0.4400	0.4100	0.5548	0.3782	0.4680	0.4200	0.3900	0.6200	0.4500	0.4700	0.4000	0.4042	0.4477
2014	JUL	0.5000	0.6400	0.4370	0.4050	0.3380	0.3700	0.3600	0.5000	0.3818	0.4500	0.4100	0.5554	0.3780	0.4814	0.4300	0.3994	0.6100	0.4500	0.4700	0.4000	0.4084	0.4464
2014	AGO	0.5000	0.6400	0.4370	0.4000	0.3380	0.3700	0.3600	0.6400	0.3780	0.4400	0.4200	0.5558	0.3782	0.4814	0.4350	0.4010	0.6100	0.4600	0.4700	0.4192	0.4090	0.4544
2014	SET	0.5000	0.6400	0.4456	0.3750	0.3380	0.3700	0.3600	0.6100	0.3760	0.4400	0.4400	0.5548	0.3848	0.4814	0.4300	0.4010	0.6100	0.4600	0.4700	0.4304	0.4108	0.4537
2014	OUT	0.5100	0.6400	0.4420	0.4000	0.3380	0.3700	0.3600	0.6000	0.3700	0.4600	0.4500	0.5556	0.3848	0.4814	0.4300	0.4036	0.5900	0.4700	0.4700	0.4400	0.4116	0.4560
2014	NOV	0.5200	0.6400	0.4420	0.4052	0.3380	0.3700	0.3600	0.5900	0.3680	0.4600	0.4580	0.5600	0.3870	0.4834	0.4250	0.4038	0.5900	0.4800	0.4700	0.4400	0.4122	0.4573
2014	DEZ	0.5200	0.6400	0.4426	0.3920	0.3380	0.3700	0.3600	0.5900	0.3680	0.4600	0.4520	0.5612	0.3870	0.4866	0.4250	0.4040	0.5900	0.4800	0.4700	0.4450	0.4116	0.4568
2015	JAN	0.5200	0.6400	0.4454	0.3802	0.3380	0.3700	0.3600	0.5900	0.3680	0.4600	0.4600	0.5602	0.3848	0.4866	0.4300	0.4076	0.5900	0.4800	0.4700	0.4350	0.4118	0.4566
2015	FEV	0.5200	0.6400	0.4454	0.3830	0.3380	0.3700	0.3600	0.5200	0.3640	0.4680	0.4550	0.5520	0.4000	0.4780	0.4300	0.4100	0.5900	0.4900	0.4800	0.4400	0.4118	0.4545
2015	MAR	0.5200	0.6400	0.4454	0.3948	0.3380	0.3700	0.3600	0.5200	0.3640	0.4700	0.4552	0.5570	0.4002	0.4960	0.4400	0.4100	0.6200	0.5000	0.4900	0.4400	0.4122	0.4592
2015	ABR	0.5300	0.6400	0.4512	0.3880	0.3380	0.3700	0.3600	0.5200	0.3776	0.4700	0.4666	0.5580	0.4000	0.5094	0.4700	0.4190	0.6200	0.5100	0.5000	0.4400	0.4182	0.4646
2015	MAI	0.5300	0.6400	0.4512	0.3700	0.3380	0.3700	0.3600	0.5100	0.3788	0.4700	0.4700	0.5630	0.3960	0.5154	0.4600	0.4200	0.6200	0.5200	0.5100	0.4400	0.4194	0.4644
2015	JUN	0.5300	0.6400	0.4512	0.3700	0.3380	0.3700	0.3600	0.4800	0.3778	0.4650	0.4650	0.5630	0.3840	0.4960	0.4600	0.4200	0.6200	0.5200	0.5100	0.4500	0.4204	0.4614
2015	JUL	0.5300	0.6400	0.4502	0.3700	0.3380	0.3700	0.3600	0.4800	0.3750	0.4650	0.4700	0.5616	0.3700	0.5080	0.4600	0.4230	0.6200	0.5100	0.5100	0.4500	0.4196	0.4610
2015	AGO	0.5300	0.6400	0.4482	0.3700	0.3380	0.3700	0.3600	0.4800	0.3600	0.4650	0.4750	0.5616	0.3548	0.5080	0.4476	0.4260	0.6100	0.5100	0.5100	0.4500	0.4192	0.4587
2015	SET	0.5300	0.6400	0.4494	0.3590	0.3460	0.3700	0.3794	0.4700	0.3520	0.4550	0.4756	0.5624	0.3434	0.5080	0.4600	0.4260	0.6100	0.5100	0.5100	0.4600	0.4178	0.4588
2015	OUT	0.5300	0.6400	0.4490	0.3504	0.3568	0.3700	0.3794	0.4700	0.3520	0.4550	0.4900	0.5630	0.3360	0.5080	0.4600	0.4260	0.6200	0.5100	0.5200	0.4000	0.4186	0.4573
2015	NOV	0.5200	0.6400	0.4488	0.3600	0.3516	0.3700	0.3794	0.4900	0.3598	0.4650	0.4980	0.5630	0.3484	0.4720	0.4600	0.4260	0.6100	0.5300	0.5200	0.3826	0.4254	0.4581
2015	DEZ	0.5200	0.6400	0.4502	0.3600	0.3516	0.3700	0.3714	0.4900	0.3580	0.4650	0.4980	0.5632	0.3340	0.4754	0.4600	0.4270	0.6200	0.5300	0.5200	0.3840	0.4256	0.4578
2016	JAN	0.5200	0.6400	0.4498	0.3512	0.3516	0.3700	0.3580	0.4900	0.3580	0.4650	0.4980	0.5632	0.3340	0.4446	0.4700	0.4290	0.6200	0.5200	0.5200	0.3920	0.4276	0.4558
2016	FEV	0.5200	0.6400	0.4492	0.3500	0.3508	0.3700	0.3580	0.5100	0.3580	0.4650	0.5000	0.5630	0.3254	0.4434	0.4700	0.4290	0.6200	0.5100	0.5200	0.4000	0.4256	0.4561
2016	MAR	0.5200	0.6400	0.4492	0.3500	0.3516	0.3700	0.3580	0.5100	0.3560	0.4650	0.5000	0.5636	0.3232	0.4406	0.4700	0.4290	0.6100	0.5200	0.5208	0.3899	0.4256	0.4554
2016	ABR	0.5200	0.6400	0.4544	0.3400	0.3400	0.3700	0.3580	0.5000	0.3640	0.4600	0.4980	0.5622	0.3370	0.4374	0.4700	0.4300	0.6100	0.5300	0.5164	0.3878	0.4188	0.4545
2016	MAI	0.5200	0.6450	0.4620	0.3348	0.3360	0.3700	0.3580	0.5000	0.3560	0.4600	0.4980	0.5642	0.3160	0.4360	0.4700	0.4300	0.6000	0.5300	0.5096	0.4000	0.4194	0.4531
2016	JUN	0.5200	0.2642	0.4576	0.3200	0.3290	0.3700	0.3600	0.5000	0.3560	0.4600	0.4980	0.5644	0.3160	0.4360	0.4700	0.4300	0.6000	0.5300	0.5096	0.4000	0.4184	0.4338
2016	JUL	0.5200	0.4526	0.4526	0.3000	0.3290	0.3700	0.3774	0.4800	0.3500	0.4580	0.5000	0.5656	0.3040	0.4034	0.4600	0.4300	0.5900	0.5200	0.5086	0.4050	0.4142	0.4376
2016	AGO	0.5000	0.4526	0.4352	0.3100	0.3200	0.3700	0.3774	0.4900	0.3440	0.4580	0.5010	0.5652	0.3130	0.4034	0.4550	0.4300	0.5900	0.5400	0.5232	0.3800	0.4086	0.4365
2016	SET	0.5000	0.4526	0.4388	0.3088	0.3312	0.3720	0.3774	0.4900	0.3300	0.4240	0.5010	0.5666	0.3150	0.3900	0.4516	0.4300	0.5900	0.5500	0.5206	0.3799	0.4094	0.4347
2016	OUT	0.4800	0.4526	0.4470	0.3098	0.3408	0.3720	0.3774	0.5000	0.3208	0.4240	0.4990	0.5672	0.3120	0.3866	0.4566	0.4300	0.6100	0.5500	0.5120	0.3800	0.4074	0.4350
2016	NOV	0.4800	0.4526	0.4420	0.3024	0.3462	0.3720	0.3774	0.5000	0.3110	0.4240	0.4990	0.5676	0.3060	0.3534	0.4600	0.4276	0.6000	0.5500	0.5068	0.3800	0.4074	0.4317
2016	DEZ	0.4800	0.4526	0.4446	0.3122	0.3466	0.3720	0.3774	0.5000	0.3000	0.4200	0.4990	0.5696	0.3040	0.3500	0.4600	0.4276	0.6000	0.5500	0.5068	0.3800	0.4080	0.4314
2017	JAN	0.4700	0.4526	0.4520	0.3144	0.3278	0.3720	0.3700	0.5000	0.2890	0.4200	0.4990	0.5702	0.3120	0.3500	0.4466	0.4260	0.6000	0.5600	0.5068	0.4000	0.4064	0.4307
2017	FEV	0.4700	0.4526	0.4520	0.3114	0.3268	0.3720	0.3700	0.5000	0.2880	0.4200	0.5000	0.5706	0.3246	0.3500	0.4466	0.4260	0.6000	0.5500	0.4884	0.3800	0.4028	0.4287
2017	MAR	0.4700	0.4528	0.4520	0.3200	0.3280	0.3710	0.3700	0.5000	0.2950	0.4100	0.4920	0.5724	0.3238	0.3400	0.4500	0.4200	0.5900	0.5400	0.4830	0.3910	0.3996	0.4272
2017	ABR	0.4800	0.4528	0.4470	0.3158	0.3380	0.3710	0.3700	0.5000	0.2860	0.4200	0.4956	0.5674	0.3258	0.3400	0.4550	0.4200	0.5700	0.5400	0.4796	0.3910	0.3848	0.4262
2017	MAI	0.4500	0.4528	0.4470	0.3100	0.3280	0.3720	0.3700	0.5000	0.2880	0.4200	0.4900	0.5716	0.3360	0.3400	0.4506	0.4200	0.5800	0.5300	0.4796	0.3620	0.3826	0.4229
2017	JUN	0.4500	0.4530	0.4470	0.3050	0.3260	0.3700	0.3700	0.5000	0.2880	0.4200	0.4880	0.5720	0.3256	0.3266	0.4400	0.4200	0.5800	0.5200	0.4720	0.3620	0.3806	0.4198
2017	JUL	0.4500	0.4530	0.4470	0.3000	0.3340	0.3700	0.3700	0.5000	0.2720	0.4200	0.4860	0.5722	0.3344	0.3334	0.4350	0.4200	0.5800	0.5300	0.4756	0.3720	0.3772	0.4206
2017	AGO	0.4500	0.4530	0.4634	0.3150	0.3270	0.3700	0.3700	0.5000	0.2660	0.4200	0.4880	0.5720	0.3308	0.3334	0.4000	0.4170	0.5800	0.5200	0.4756	0.3720	0.3712	0.4188
2017	SET	0.4500	0.4506	0.4700	0.3114	0.3280	0.3700	0.3700	0.5000	0.2680	0.4200	0.4890	0.5716	0.3308	0.3500	0.4200	0.4160	0.5900	0.5100	0.4758	0.3800	0.3686	0.4209
2017	OUT	0.4500	0.5100	0.4766	0.3126	0.3274	0.3700	0.3700	0.5000	0.2756	0.4200	0.4890	0.5736	0.3450	0.3466	0.4300	0.4160	0.6000	0.5200	0.4788	0.3800	0.3734	0.4269
2017	NOV	0.4500	0.4942	0.4766	0.3400	0.3228	0.3700	0.3700	0.5000	0.2756	0.4200	0.4896	0.5760	0.3526	0.3616	0.4300	0.4170	0.6000	0.5300	0.4812	0.3700	0.3744	0.4286
2017	DEZ	0.4500	0.4942	0.4766	0.3600	0.3294	0.3700	0.3700	0.5000	0.2800	0.4200	0.4940	0.5764	0.3580	0.3634	0.4300	0.4170	0.5900	0.5300	0.4768	0.3700	0.3696	0.4298
2018	JAN	0.4500	0.5200	0.4766	0.3508	0.3110	0.3700	0.3700	0.5000	0.2820	0.4200	0.4944	0.5764	0.3700	0.3650	0.4200	0.4170	0.5900	0.5300	0.4378	0.4200	0.3726	0.4306
2018	FEV	0.4500	0.5200	0.4972	0.3656	0.3144	0.3700	0.3700	0.5000	0.2900	0.4200	0.4952	0.5768	0.3774	0.3616	0.4200	0.4200	0.6000	0.5300	0.4374	0.4200	0.3754	0.4339
2018	MAR	0.4500	0.5130	0.4922	0.3702	0.3220	0.3700	0.3700	0.5000	0.3100	0.4200	0.4954	0.5774	0.3860	0.3834	0.4300	0.4200	0.6000	0.5500	0.4370	0.4200	0.3730	0.4376
2018	ABR	0.4500	0.5600	0.4826	0.3666	0.3210	0.3710	0.3700	0.5000	0.3100	0.4200	0.4950	0.5804	0.3908	0.4100	0.4342	0.4200	0.6000	0.5500	0.4410	0.4200	0.3768	0.4414
2018	MAI	0.4500	0.5176	0.4826	0.3700	0.3260	0.3710	0.3700	0.5000	0.3100	0.4200	0.4780	0.5834	0.3960	0.3934	0.4372	0.4200	0.6100	0.5500	0.4418	0.4100	0.3808	0.4389
2018	JUN	0.4500	0.5176	0.4888	0.3800	0.3260	0.3760	0.3700	0.5000	0.3100	0.4200	0.4788	0.5260	0.4000	0.3934	0.4600	0.4240	0.6200	0.5700	0.4472	0.4200	0.3928	0.4415
2018	JUL	0.4500	0.5198	0.4888	0.3900	0.3318	0.3760	0.3700	0.5000	0.3176	0.4200	0.4790	0.5208	0.4000	0.3966	0.4600	0.4260	0.6300	0.5500	0.4492	0.4300	0.4024	0.4432
2018	AGO	0.4500	0.5516	0.5036	0.3900	0.3318	0.3760	0.3900	0.5000	0.3158	0.4200	0.4790	0.5334	0.4100	0.4166	0.4600	0.4320	0.6600	0.5600	0.4508	0.4400	0.4066	0.4513
2018	SET	0.4500	0.5766	0.4888	0.3950	0.3318	0.3788	0.3900	0.5000	0.3176	0.4200	0.4792	0.5530	0.4200	0.4234	0.4600	0.4440	0.6600	0.5400	0.4502	0.4400	0.4048	0.4535
2018	OUT	0.4500	0.5900	0.5022	0.4000	0.3490	0.3800	0.3900	0.5100	0.3160	0.4200	0.4828	0.5510	0.4200	0.4234	0.4600	0.4440	0.7000	0.5500	0.4484	0.4300	0.4034	0.4581
2018	NOV	0.4500	0.6000	0.5028	0.3800	0.3440	0.3854	0.3900	0.5100	0.3170	0.4200	0.4930	0.5518	0.4100	0.4234	0.4600	0.4440	0.7000	0.5500	0.4474	0.4300	0.4042	0.4578
2018	DEZ	0.4500	0.6000	0.5104	0.3934	0.3460	0.3788	0.3894	0.5100	0.3100	0.4200	0.4970	0.5426	0.4200	0.4234	0.4600	0.4454	0.7100	0.5500	0.4460	0.4300	0.4012	0.4587
2019	JAN	0.4500	0.6060	0.5106	0.4050	0.3480	0.3720	0.4000	0.5100	0.3100	0.4200	0.5010	0.5460	0.3940	0.4334	0.4500	0.4456	0.6900	0.5400	0.4430	0.4300	0.4038	0.4575
2019	FEV	0.4500	0.6000	0.5106	0.3900	0.3500	0.3720	0.4000	0.5100	0.3120	0.4200	0.5016	0.5430	0.3980	0.4360	0.4400	0.4456	0.7000	0.5500	0.4430	0.4300	0.4056	0.4575
2019	MAR	0.4500	0.5732	0.5106	0.3800	0.3500	0.3750	0.4000	0.5100	0.3100	0.4200	0.5020	0.5456	0.4000	0.4326	0.4500	0.4492	0.6800	0.5500	0.4436	0.4200	0.4086	0.4553
2019	ABR	0.4500	0.5250	0.5294	0.3900	0.3560	0.3720	0.3900	0.5100	0.3100	0.4200	0.5020	0.5520	0.4000	0.4326	0.4400	0.4492	0.6700	0.5400	0.4436	0.4300	0.4066	0.4533
2019	MAI	0.4500	0.5500	0.5294	0.3700	0.3560	0.3700	0.3900	0.5100	0.3060	0.4200	0.5028	0.5524	0.4000	0.4220	0.4400	0.4500	0.6700	0.5400	0.4454	0.4300	0.4058	0.4528
2019	JUN	0.4500	0.5500	0.5128	0.3690	0.3420	0.3700	0.3900	0.5100	0.3020	0.4200	0.5030	0.5640	0.4100	0.4160	0.4450	0.4500	0.6600	0.5400	0.4454	0.4300	0.4084	0.4518
2019	JUL	0.4500	0.5500	0.5334	0.3780	0.3560	0.3700	0.3900	0.5100	0.3042	0.4200	0.5030	0.5656	0.4200	0.4066	0.4350	0.4500	0.6600	0.5400	0.4460	0.4300	0.4124	0.4538
2019	AGO	0.4500	0.5500	0.5294	0.3780	0.3780	0.3700	0.3900	0.5100	0.3040	0.4150	0.5036	0.5620	0.3650	0.3934	0.4500	0.4500	0.6600	0.5300	0.4490	0.4300	0.4128	0.4514
2019	SET	0.4500	0.5500	0.5294	0.3810	0.3660	0.3700	0.3900	0.5100	0.3020	0.4150	0.5030	0.5704	0.3600	0.3866	0.4500	0.4500	0.6700	0.5400	0.4452	0.4200	0.4146	0.4511
2019	OUT	0.4500	0.5500	0.5294	0.3910	0.3604	0.3700	0.3900	0.5100	0.3020	0.4150	0.5032	0.5684	0.3600	0.3866	0.4500	0.4500	0.6800	0.5400	0.4452	0.4200	0.4144	0.4517
2019	NOV	0.4500	0.5500	0.4768	0.4000	0.3890	0.3700	0.3900	0.5100	0.3120	0.4150	0.5034	0.5706	0.3700	0.3900	0.4400	0.4500	0.6600	0.5400	0.4452	0.4200	0.4148	0.4508
2019	DEZ	0.4500	0.5500	0.4768	0.4100	0.3680	0.3700	0.4000	0.5100	0.3120	0.4200	0.5036	0.5690	0.3950	0.3934	0.4320	0.4500	0.6600	0.5400	0.4452	0.4200	0.4132	0.4518
2020	JAN	0.4500	0.5350	0.4832	0.4076	0.3714	0.3700	0.3976	0.5100	0.3150	0.4200	0.5036	0.5722	0.3950	0.4066	0.4290	0.4500	0.6600	0.5400	0.4446	0.4200	0.4124	0.4521
2020	FEV	0.4500	0.5350	0.4832	0.4128	0.3860	0.3640	0.3600	0.5200	0.3160	0.4200	0.5040	0.5720	0.3950	0.4134	0.4340	0.4500	0.6600	0.5400	0.4422	0.4200	0.4148	0.4520
2020	MAR	0.4500	0.5500	0.4832	0.4128	0.3700	0.3650	0.3600	0.5200	0.3200	0.4200	0.5040	0.5740	0.3940	0.4134	0.4350	0.4500	0.6400	0.5400	0.4408	0.4100	0.4168	0.4509
2020	ABR	0.4500	0.5500	0.4828	0.4128	0.3680	0.3580	0.3600	0.5200	0.3300	0.4200	0.5040	0.5784	0.4000	0.4200	0.4290	0.4500	0.6400	0.5400	0.4436	0.4100	0.4132	0.4514
2020	MAI	0.4500	0.5500	0.4880	0.4128	0.3700	0.3540	0.3654	0.5200	0.3380	0.4200	0.5042	0.5790	0.4000	0.4234	0.4210	0.4500	0.6400	0.5400	0.4460	0.4100	0.4178	0.4524
2020	JUN	0.4500	0.5500	0.4384	0.4208	0.3480	0.3560	0.3600	0.5300	0.3380	0.4200	0.5044	0.5790	0.4000	0.4266	0.4160	0.4500	0.6500	0.5400	0.4468	0.4100	0.4214	0.4503
2020	JUL	0.4500	0.5600	0.4618	0.4222	0.3820	0.3730	0.3600	0.5400	0.3580	0.4200	0.5048	0.5790	0.4000	0.4850	0.4300	0.4678	0.6800	0.5300	0.4498	0.4200	0.4288	0.4620
2020	AGO	0.4800	0.6772	0.4914	0.4400	0.4160	0.3920	0.4150	0.5400	0.4340	0.4600	0.5520	0.5812	0.5000	0.4850	0.4400	0.4678	0.7600	0.5400	0.4508	0.4200	0.4638	0.4955
2020	SET	0.5000	0.6990	0.5130	0.4696	0.4400	0.4060	0.4200	0.5500	0.4640	0.4750	0.5600	0.5910	0.5000	0.5600	0.4700	0.5048	0.7900	0.5800	0.4638	0.4200	0.4940	0.5176
2020	OUT	0.5000	0.7600	0.5188	0.4862	0.4160	0.4240	0.4200	0.5500	0.4640	0.5200	0.6030	0.6826	0.4000	0.5226	0.4900	0.5250	0.8300	0.5900	0.4766	0.4300	0.5128	0.5296
2020	NOV	0.5200	0.7800	0.5254	0.4962	0.4590	0.4270	0.4400	0.5500	0.4750	0.5200	0.6226	0.7154	0.4300	0.5176	0.4900	0.5326	0.8400	0.6000	0.5026	0.4300	0.5300	0.5430
	DEZ																						
